file,brand,classType,abv,volume,producer,country
old-tom-good.png,OLD TOM DISTILLERY,Kentucky Straight Bourbon Whiskey,45,750 mL,,
old-tom-title-case-warning.png,OLD TOM DISTILLERY,Kentucky Straight Bourbon Whiskey,45,750 mL,,
old-tom-wrong-abv.png,OLD TOM DISTILLERY,Kentucky Straight Bourbon Whiskey,45,750 mL,,
old-tom-no-warning.png,OLD TOM DISTILLERY,Kentucky Straight Bourbon Whiskey,45,750 mL,,
old-tom-changed-warning.png,OLD TOM DISTILLERY,Kentucky Straight Bourbon Whiskey,45,750 mL,,
old-tom-glare.png,OLD TOM DISTILLERY,Kentucky Straight Bourbon Whiskey,45,750 mL,,
old-tom-tilted-dark.png,OLD TOM DISTILLERY,Kentucky Straight Bourbon Whiskey,45,750 mL,,
old-tom-wrong-proof.png,OLD TOM DISTILLERY,Kentucky Straight Bourbon Whiskey,45,750 mL,,
old-tom-no-colon.png,OLD TOM DISTILLERY,Kentucky Straight Bourbon Whiskey,45,750 mL,,
old-tom-plain-heading.png,OLD TOM DISTILLERY,Kentucky Straight Bourbon Whiskey,45,750 mL,,
old-tom-bold-body.png,OLD TOM DISTILLERY,Kentucky Straight Bourbon Whiskey,45,750 mL,,
old-tim-near-brand.png,OLD TOM DISTILLERY,Kentucky Straight Bourbon Whiskey,45,750 mL,,
stones-throw-case.png,Stone's Throw,London Dry Gin,42,1 L,,
old-tom-wrong-producer.png,OLD TOM DISTILLERY,Kentucky Straight Bourbon Whiskey,45,750 mL,"Old Tom Distillery, Bardstown, Kentucky",
chateau-laroche-import.png,Château Laroche,Bordeaux Red Wine,13.5,750 mL,Château Laroche,France
northgate-ipa.png,Northgate Brewing,India Pale Ale,6.5,355 mL,,